GROUP,PACKAGE,CLASS,INSTRUCTION_MISSED,INSTRUCTION_COVERED,BRANCH_MISSED,BRANCH_COVERED,LINE_MISSED,LINE_COVERED,COMPLEXITY_MISSED,COMPLEXITY_COVERED,METHOD_MISSED,METHOD_COVERED
io.github.easy4j:pac4j-extension-core,org.pac4j.core.ext,Pac4jExternalAuthorizer,11,0,0,0,3,0,3,0,3,0
io.github.easy4j:pac4j-extension-core,org.pac4j.core.ext,Pac4jInternalAuthorizer,11,0,0,0,3,0,3,0,3,0
io.github.easy4j:pac4j-extension-core,org.pac4j.core.ext,Pac4jExtConstants,3,9,0,0,1,4,1,1,1,1
io.github.easy4j:pac4j-extension-core,org.pac4j.core.ext.credentials.authenticator,SignatureAuthenticator,78,0,6,0,21,0,8,0,5,0
io.github.easy4j:pac4j-extension-core,org.pac4j.core.ext.credentials.authenticator,TokenAuthenticator,419,0,24,0,96,0,30,0,18,0
io.github.easy4j:pac4j-extension-core,org.pac4j.core.ext.authentication.generator,UserDetailsAuthorizationGenerator,28,0,0,0,8,0,3,0,3,0
io.github.easy4j:pac4j-extension-core,org.pac4j.core.ext.credentials.extractor,UsernamePasswordCaptchaCredentialsExtractor,162,0,18,0,44,0,20,0,11,0
io.github.easy4j:pac4j-extension-core,org.pac4j.core.ext.credentials.extractor,SignatureParameterExtractor,71,100,7,5,20,22,17,2,11,2
io.github.easy4j:pac4j-extension-core,org.pac4j.core.ext.credentials.extractor,TokenParameterExtractor,216,0,12,0,48,0,18,0,12,0
io.github.easy4j:pac4j-extension-core,org.pac4j.core.ext.profile.creator,TokenProfileCreator,0,12,0,0,0,3,0,3,0,3
io.github.easy4j:pac4j-extension-core,org.pac4j.core.ext.profile.creator,SignatureProfileCreator,0,12,0,0,0,3,0,3,0,3
io.github.easy4j:pac4j-extension-core,org.pac4j.core.ext.profile.definition,TokenProfileDefinitionAware,23,0,2,0,9,0,5,0,4,0
io.github.easy4j:pac4j-extension-core,org.pac4j.core.ext.profile.definition,SignatureProfileDefinitionAware,23,0,2,0,9,0,5,0,4,0
io.github.easy4j:pac4j-extension-core,org.pac4j.core.ext.exception,CaptchaIncorrectException,0,9,0,0,0,4,0,2,0,2
io.github.easy4j:pac4j-extension-core,org.pac4j.core.ext.exception,MethodNotSupportedException,0,4,0,0,0,2,0,1,0,1
io.github.easy4j:pac4j-extension-core,org.pac4j.core.ext.exception,CaptchaNotFoundException,0,9,0,0,0,4,0,2,0,2
io.github.easy4j:pac4j-extension-core,org.pac4j.core.ext.exception,OverRetryRemindException,0,9,0,0,0,4,0,2,0,2
io.github.easy4j:pac4j-extension-core,org.pac4j.core.ext.exception,UsernameNotFoundException,0,9,0,0,0,4,0,2,0,2
io.github.easy4j:pac4j-extension-core,org.pac4j.core.ext.http.callback,QueryParameterCallbackUrlExtResolver,4,82,3,5,0,18,3,6,0,5
io.github.easy4j:pac4j-extension-core,org.pac4j.core.ext.http.callback,PathParameterCallbackUrlExtResolver,0,37,0,2,0,10,0,6,0,5
io.github.easy4j:pac4j-extension-core,org.pac4j.core.ext.http.callback,NoParameterCallbackUrlExtResolver,0,35,0,2,0,10,0,6,0,5
io.github.easy4j:pac4j-extension-core,org.pac4j.core.ext.client,SignatureClient,116,0,0,0,35,0,13,0,13,0
io.github.easy4j:pac4j-extension-core,org.pac4j.core.ext.client,TokenClient,108,0,0,0,32,0,12,0,12,0
io.github.easy4j:pac4j-extension-core,org.pac4j.core.util,HttpUtils2,149,55,9,7,30,12,10,6,5,3
io.github.easy4j:pac4j-extension-core,org.pac4j.core.ext.authentication,AuthenticatingFailureRequestCounter,0,29,0,2,0,10,0,6,0,5
io.github.easy4j:pac4j-extension-core,org.pac4j.core.ext.authentication,AuthenticationRequest,0,33,0,0,0,14,0,7,0,7
io.github.easy4j:pac4j-extension-core,org.pac4j.core.ext.authentication,UsernamePasswordCaptchaFormClient,310,0,6,0,77,0,24,0,21,0
io.github.easy4j:pac4j-extension-core,org.pac4j.core.ext.authentication,UsernamePasswordCaptchaAuthenticator,123,87,17,9,28,27,22,6,9,6
io.github.easy4j:pac4j-extension-core,org.pac4j.core.ext.authentication,AuthenticatingFailureSessionCounter,40,3,4,0,10,1,4,1,2,1
io.github.easy4j:pac4j-extension-core,org.pac4j.core.ext.credentials,SignatureCredentials,3,64,3,11,0,12,2,11,0,6
io.github.easy4j:pac4j-extension-core,org.pac4j.core.ext.credentials,UsernamePasswordCaptchaCredentials,18,121,14,16,0,23,11,12,0,8
io.github.easy4j:pac4j-extension-core,org.pac4j.core.ext.utils,WebUtils,3,79,0,10,1,12,1,9,1,4
io.github.easy4j:pac4j-extension-core,org.pac4j.core.ext.utils,ContentType,3,0,0,0,1,0,1,0,1,0
io.github.easy4j:pac4j-extension-core,org.pac4j.core.ext.profile,TokenProfileDefinition,39,0,0,0,10,0,5,0,5,0
io.github.easy4j:pac4j-extension-core,org.pac4j.core.ext.profile,SignatureProfile,0,3,0,0,0,1,0,1,0,1
io.github.easy4j:pac4j-extension-core,org.pac4j.core.ext.profile,TokenProfile,0,3,0,0,0,1,0,1,0,1
io.github.easy4j:pac4j-extension-core,org.pac4j.core.ext.profile,SignatureProfileDefinition,39,0,0,0,10,0,5,0,5,0
io.github.easy4j:pac4j-extension-core,org.pac4j.core.ext.profile,Signature,0,59,1,7,0,13,1,6,0,3
io.github.easy4j:pac4j-extension-core,org.pac4j.core.ext.profile,Token,0,59,0,8,0,13,0,7,0,3
io.github.easy4j:pac4j-extension-core,org.pac4j.core.ext.authentication.captcha,SessionCaptchaResolver,3,61,1,7,0,14,1,7,0,4
io.github.easy4j:pac4j-extension-core,org.pac4j.core.ext.authentication.captcha,NullCaptchaResolver,0,6,0,0,0,3,0,3,0,3
